<?xml version="1.0" encoding="UTF-8"?>
<!--
     Copyright (c) 2015, 2021 Wind River Systems, Inc. and others.
     All rights reserved. This program and the accompanying materials
     are made available under the terms of the Eclipse Public License 2.0
     which accompanies this distribution, and is available at
     https://www.eclipse.org/legal/epl-2.0/

    SPDX-License-Identifier: EPL-2.0
    
     Contributors:
         Wind River - initial API and implementation
 -->
<feature
      id="org.eclipse.tm.terminal.connector.local.feature"
      label="%featureName"
      version="11.6.1.202406241230"
      provider-name="%providerName">

   <description>
      %description
   </description>

   <copyright>
      %copyright
   </copyright>

   <license url="%licenseURL">
      %license
   </license>

   <requires>
      <import plugin="org.eclipse.core.expressions" version="3.4.400" match="greaterOrEqual"/>
      <import plugin="org.eclipse.core.runtime" version="3.8.0" match="greaterOrEqual"/>
      <import plugin="org.eclipse.core.variables" version="3.2.600" match="greaterOrEqual"/>
      <import plugin="org.eclipse.tm.terminal.connector.process" version="4.5.0" match="greaterOrEqual"/>
      <import plugin="org.eclipse.tm.terminal.control" version="4.5.0" match="greaterOrEqual"/>
      <import plugin="org.eclipse.ui" version="3.8.0" match="greaterOrEqual"/>
      <import feature="org.eclipse.tm.terminal.control.feature"/>
      <import plugin="org.eclipse.cdt.core.native"/>
   </requires>

   <plugin
         id="org.eclipse.tm.terminal.connector.local"
         download-size="32"
         install-size="61"
         version="4.8.100.202402230238"
         unpack="false"/>

   <plugin
         id="org.eclipse.tm.terminal.connector.process"
         download-size="34"
         install-size="59"
         version="4.9.100.202402230238"
         unpack="false"/>

</feature>
