<?xml version="1.0" encoding="UTF-8"?>
<feature
	id="org.springframework.tooling.boot.ls.feature"
	label="Spring Boot Language Server Feature"
	version="4.26.0.202410160331"
	provider-name="Broadcom">

    <description>
       %description
    </description>

    <copyright>
       %copyright
    </copyright>

    <license url="%licenseUrl">
       %license
    </license>

	<requires>
		<import plugin="org.eclipse.ui.genericeditor"/>
		<import plugin="org.eclipse.lsp4e"/>
		<import plugin="org.springframework.tooling.ls.eclipse.gotosymbol"/>
	</requires>

	<plugin
		id="org.springframework.tooling.boot.ls"
		download-size="238912"
		install-size="257198"
		version="1.58.0.202410160331"
		unpack="false">
	</plugin>

</feature>
