<?xml version="1.0" encoding="UTF-8"?>
<feature
      id="org.eclipse.wildwebdeveloper.feature"
      label="%name"
      version="1.3.7.202408270415"
      provider-name="Eclipse Wild Web Developer project">

   <description>
      %description
   </description>

   <copyright>
      %copyright
   </copyright>

   <license url="%licenseURL">
      %license
   </license>

   <includes
         id="org.eclipse.wildwebdeveloper.embedder.node.feature"
         version="1.1.3.202408201506"
         optional="true"/>

   <requires>
      <import feature="org.eclipse.wildwebdeveloper.xml.feature" version="1.0.1"/>
   </requires>

   <plugin
         id="org.eclipse.wildwebdeveloper"
         version="1.2.3.202408270415"/>

</feature>
