<?xml version="1.0" encoding="UTF-8"?>
<feature
      id="org.eclipse.egit"
      label="%featureName"
      version="7.0.0.202409031743-r"
      provider-name="%providerName"
      plugin="org.eclipse.egit">

   <description url="https://www.eclipse.org/egit/">
      %description
   </description>

   <copyright>
      %copyright
   </copyright>

   <license url="%licenseURL">
      %license
   </license>

   <url>
      <update label="%updateSiteName" url="https://download.eclipse.org/egit/updates"/>
      <discovery label="%updateSiteName" url="https://download.eclipse.org/egit/updates"/>
   </url>

   <requires>
      <import plugin="org.eclipse.core.runtime" version="3.12.0" match="compatible"/>
      <import plugin="org.eclipse.core.resources" version="3.11.0" match="compatible"/>
      <import plugin="org.eclipse.core.filesystem" version="1.6.0" match="compatible"/>
      <import plugin="org.eclipse.ui" version="3.108.0" match="compatible"/>
      <import plugin="org.eclipse.team.ui" version="3.8.0" match="compatible"/>
      <import plugin="org.eclipse.jface.text" version="3.11.0" match="compatible"/>
      <import plugin="org.eclipse.ui.ide" version="3.12.0" match="compatible"/>
      <import plugin="org.eclipse.ui.workbench.texteditor" version="3.10.0" match="compatible"/>
      <import plugin="org.eclipse.compare" version="3.6.0" match="compatible"/>
      <import plugin="org.eclipse.core.net" version="1.3.0" match="compatible"/>
      <import plugin="org.eclipse.team.core" version="3.8.0" match="compatible"/>
      <import feature="org.eclipse.jgit" version="7.0.0" match="equivalent"/>
      <import feature="org.eclipse.jgit.gpg.bc" version="7.0.0" match="equivalent"/>
      <import feature="org.eclipse.jgit.http.apache" version="7.0.0" match="equivalent"/>
      <import feature="org.eclipse.jgit.ssh.apache" version="7.0.0" match="equivalent"/>
   </requires>

   <plugin
         id="org.eclipse.egit.core"
         download-size="638"
         install-size="1357"
         version="7.0.0.202409031743-r"
         unpack="false"/>

   <plugin
         id="org.eclipse.egit.ui"
         download-size="4003"
         install-size="8288"
         version="7.0.0.202409031743-r"
         unpack="false"/>

   <plugin
         id="org.eclipse.egit"
         download-size="14"
         install-size="18"
         version="7.0.0.202409031743-r"
         unpack="false"/>

   <plugin
         id="org.eclipse.egit.doc"
         download-size="5218"
         install-size="5679"
         version="7.0.0.202409031743-r"
         unpack="false"/>

</feature>
