<?xml version='1.0' encoding='UTF-8'?>
<?artifactRepository version='1.1.0'?>
<repository name='download cache' type='org.eclipse.equinox.p2.artifact.repository.simpleRepository' version='1.0.0'>
  <properties size='2'>
    <property name='p2.system' value='true'/>
    <property name='p2.timestamp' value='1729119207565'/>
  </properties>
  <mappings size='3'>
    <rule filter='(&amp; (classifier=osgi.bundle))' output='${repoUrl}/plugins/${id}_${version}.jar'/>
    <rule filter='(&amp; (classifier=binary))' output='${repoUrl}/binary/${id}_${version}'/>
    <rule filter='(&amp; (classifier=org.eclipse.update.feature))' output='${repoUrl}/features/${id}_${version}.jar'/>
  </mappings>
  <artifacts size='4'>
    <artifact classifier='binary' id='org.springframework.boot.ide.branding.sts4.executable.win32.win32.x86_64' version='4.26.0.202410162246'>
      <properties size='1'>
        <property name='download.size' value='282203'/>
      </properties>
    </artifact>
    <artifact classifier='binary' id='org.eclipse.rcp_root' version='4.33.0.v20240903-0618'>
      <properties size='1'>
        <property name='download.size' value='20747'/>
      </properties>
    </artifact>
    <artifact classifier='binary' id='org.springframework.boot.ide.main.feature_root' version='4.26.0.202410162246'>
      <properties size='1'>
        <property name='download.size' value='4303'/>
      </properties>
    </artifact>
    <artifact classifier='binary' id='org.eclipse.platform_root' version='4.33.0.v20240903-0618'>
      <properties size='1'>
        <property name='download.size' value='196'/>
      </properties>
    </artifact>
  </artifacts>
</repository>
