<?xml version="1.0" encoding="UTF-8"?>
<feature
      id="org.eclipse.linuxtools.jdt.docker.launcher.feature"
      label="%featureName"
      version="5.16.0.202409032037"
      provider-name="%featureProvider">

   <description url="http://www.eclipse.org/linuxtools">
      %description
   </description>

   <copyright url="http://www.redhat.com">
      %copyright
   </copyright>

   <license url="%licenseURL">
      %license
   </license>

   <url>
      <update label="Linux Tools Docker Update Site" url="http://download.eclipse.org/linuxtools/update-docker"/>
   </url>

   <requires>
      <import feature="org.eclipse.linuxtools.docker.feature" version="4.0.0" match="greaterOrEqual"/>
   </requires>

   <plugin
         id="org.eclipse.linuxtools.jdt.docker.launcher"
         version="1.0.0.202409032037"/>

</feature>
