<?xml version="1.0" encoding="UTF-8"?>
<feature
	id="org.springframework.boot.ide.main.feature"
	label="Spring Tool Suite 4 Main Feature"
	version="4.26.0.202410162246"
	provider-name="Broadcom">

    <description>
       %description
    </description>

    <copyright>
       %copyright
    </copyright>

    <license url="%licenseUrl">
       %license
    </license>

    <requires>
       <import feature="org.springframework.ide.eclipse.xml.namespaces.feature" version="3.9.9" match="greaterOrEqual"/>
    </requires>

    <plugin
          id="org.springframework.ide.eclipse.boot"
          download-size="222"
          install-size="469"
          version="4.26.0.202410162246"
          unpack="false"/>

    <plugin
          id="org.springframework.ide.eclipse.boot.validation"
          download-size="41"
          install-size="79"
          version="4.26.0.202410162246"
          unpack="false"/>
         
    <plugin
          id="org.springframework.ide.eclipse.boot.launch"
          download-size="205"
          install-size="468"
          version="4.26.0.202410162246"
          unpack="false"/>

    <plugin
          id="org.springframework.ide.eclipse.boot.wizard"
          download-size="400"
          install-size="905"
          version="4.26.0.202410162246"
          unpack="false"/>

    <plugin
          id="org.springframework.ide.eclipse.boot.restart"
          download-size="12"
          install-size="20"
          version="4.26.0.202410162246"
          unpack="false"/>

    <plugin
          id="org.springframework.ide.eclipse.imports"
          download-size="15"
          install-size="34"
          version="4.26.0.202410162246"
          unpack="false"/>
         
    <plugin
          id="org.springframework.ide.eclipse.buildship30"
          download-size="15"
          install-size="38"
          version="4.26.0.202410162246"
          unpack="false"/>

    <plugin
          id="org.springframework.ide.eclipse.maven.pom"
          download-size="42"
          install-size="88"
          version="4.26.0.202410162246"
          unpack="false"/>

</feature>
