<?xml version="1.0" encoding="UTF-8"?>
<!--
    Copyright (c) 2005, 2024 IBM Corporation and others.
    This program and the accompanying materials
    are made available under the terms of the Eclipse Public License 2.0
    which accompanies this distribution, and is available at
    https://www.eclipse.org/legal/epl-2.0/

    SPDX-License-Identifier: EPL-2.0

    Contributors:
        IBM Corporation - initial API and implementation
 -->
<feature
      id="org.eclipse.jst.server_adapters.feature"
      label="%featureName"
      version="3.35.0.v202408152039"
      provider-name="%providerName">

   <description>
      %description
   </description>

   <copyright>
      %copyright
   </copyright>

   <license url="%licenseURL">
      %license
   </license>

   <requires>
      <import feature="org.eclipse.wst.server_adapters.feature"/>
   </requires>

   <plugin
         id="org.eclipse.jst.server.preview.adapter"
         download-size="53"
         install-size="110"
         version="1.2.300.v202408152039"
         unpack="false"/>

</feature>
