<?xml version="1.0" encoding="UTF-8"?>
<!--
  Copyright (c) 2010-2011 Sonatype, Inc.
  All rights reserved. This program and the accompanying materials
  are made available under the terms of the Eclipse Public License v1.0
  which accompanies this distribution, and is available at
  http://www.eclipse.org/legal/epl-v10.html
-->
<feature
      id="org.sonatype.m2e.egit.feature"
      label="Maven SCM Handler for EGit"
      version="0.17.0.202209271423"
      provider-name="Takari, Inc."
      plugin="org.sonatype.m2e.egit">

   <description url="https://m2eclipse.sonatype.org/">
      Checkout Maven projects from Git using EGit.
   </description>

   <copyright>
      %copyright
   </copyright>

   <license url="%licenseURL">
      %license
   </license>

   <url>
      <update label="Maven Integration Extras" url="https://m2eclipse.sonatype.org/sites/m2e-extras/"/>
   </url>

   <requires>
      <import feature="org.eclipse.platform"/>
      <import feature="org.eclipse.m2e.feature"/>
      <import feature="org.eclipse.egit"/>
      <import feature="org.eclipse.jgit"/>
   </requires>

   <plugin
         id="org.sonatype.m2e.egit"
         download-size="15"
         install-size="73"
         version="0.17.0.202209271423"
         unpack="false"/>

</feature>
