<?xml version="1.0" encoding="UTF-8"?>
<feature
      id="org.eclipse.e4.rcp"
      label="%featureName"
      version="4.33.0.v20240903-0618"
      provider-name="%providerName">

   <description>
      %description
   </description>

   <copyright>
      %copyright
   </copyright>

   <license url="%licenseURL">
      %license
   </license>

   <requires>
      <import feature="org.eclipse.emf.common" version="2.7.0" match="compatible"/>
      <import feature="org.eclipse.emf.ecore" version="2.7.0" match="compatible"/>
   </requires>

   <plugin
         id="org.eclipse.e4.core.services"
         version="2.4.400.v20240413-1529"/>

   <plugin
         id="org.eclipse.e4.ui.workbench.swt"
         version="0.17.500.v20240807-0911"/>

   <plugin
         id="org.eclipse.e4.core.commands"
         version="1.1.400.v20240424-0444"/>

   <plugin
         id="org.eclipse.e4.ui.bindings"
         version="0.14.400.v20240321-1245"/>

   <plugin
         id="org.eclipse.e4.ui.model.workbench"
         version="2.4.300.v20240321-1245"/>

   <plugin
         id="org.eclipse.e4.ui.progress"
         version="0.4.600.v20240606-1020"/>

   <plugin
         id="org.eclipse.e4.ui.services"
         version="1.6.300.v20231201-1637"/>

   <plugin
         id="org.eclipse.e4.ui.workbench.renderers.swt"
         version="0.16.500.v20240727-1037"/>

   <plugin
         id="org.eclipse.e4.ui.workbench"
         version="1.15.500.v20240730-1919"/>

   <plugin
         id="org.eclipse.e4.ui.css.core"
         version="0.14.500.v20240606-0949"/>

   <plugin
         id="org.eclipse.e4.ui.css.swt"
         version="0.15.400.v20240321-1245"/>

   <plugin
         id="org.eclipse.e4.core.di"
         version="1.9.500.v20240606-1236"/>

   <plugin
         id="org.eclipse.e4.core.contexts"
         version="1.12.600.v20240413-1529"/>

   <plugin
         id="org.apache.xmlgraphics"
         version="2.9.0.v20230916-1600"/>

   <plugin
         id="org.eclipse.e4.core.di.extensions"
         version="0.18.300.v20240413-1529"/>

   <plugin
         id="org.eclipse.e4.ui.css.swt.theme"
         version="0.14.400.v20240424-0956"/>

   <plugin
         id="org.eclipse.e4.ui.di"
         version="1.5.400.v20240321-1245"/>

   <plugin
         id="org.eclipse.e4.ui.widgets"
         version="1.4.200.v20240801-0837"/>

   <plugin
         id="org.eclipse.e4.ui.workbench.renderers.swt.cocoa"
         os="macosx"
         ws="cocoa"
         version="0.14.400.v20240525-0701"/>

   <plugin
         id="org.eclipse.equinox.common"
         version="3.19.100.v20240524-2011"/>

   <plugin
         id="org.eclipse.equinox.event"
         version="1.7.100.v20240321-1445"/>

   <plugin
         id="org.eclipse.core.commands"
         version="3.12.200.v20240627-1019"/>

   <plugin
         id="org.eclipse.core.contenttype"
         version="3.9.500.v20240708-0707"/>

   <plugin
         id="org.eclipse.core.databinding"
         version="1.13.300.v20240424-0444"/>

   <plugin
         id="org.eclipse.core.databinding.beans"
         version="1.10.300.v20240321-1245"/>

   <plugin
         id="org.eclipse.core.databinding.observable"
         version="1.13.300.v20240424-0444"/>

   <plugin
         id="org.eclipse.core.databinding.property"
         version="1.10.300.v20240424-0444"/>

   <plugin
         id="org.eclipse.core.expressions"
         version="3.9.400.v20240413-1529"/>

   <plugin
         id="org.eclipse.core.jobs"
         version="3.15.400.v20240619-0602"/>

   <plugin
         id="org.eclipse.core.runtime"
         version="3.31.100.v20240524-2010"/>

   <plugin
         id="org.eclipse.equinox.app"
         version="1.7.200.v20240722-2103"/>

   <plugin
         id="org.eclipse.equinox.launcher"
         version="1.6.900.v20240613-2009"/>

   <plugin
         id="org.eclipse.equinox.preferences"
         version="3.11.100.v20240327-0645"/>

   <plugin
         id="org.osgi.service.prefs"
         version="1.1.2.202109301733"/>

   <plugin
         id="org.eclipse.equinox.registry"
         version="3.12.100.v20240524-2011"/>

   <plugin
         id="org.eclipse.equinox.simpleconfigurator"
         version="1.5.300.v20240424-1301"/>

   <plugin
         id="org.eclipse.osgi"
         version="3.21.0.v20240717-2103"/>

   <plugin
         id="org.eclipse.osgi.compatibility.state"
         version="1.2.1000.v20240213-1057"/>

   <plugin
         id="org.eclipse.osgi.util"
         version="3.7.300.v20231104-1118"/>

   <plugin
         id="org.eclipse.equinox.launcher.cocoa.macosx.x86_64"
         os="macosx"
         ws="cocoa"
         arch="x86_64"
         version="1.2.1100.v20240722-2106"/>

   <plugin
         id="org.eclipse.equinox.launcher.cocoa.macosx.aarch64"
         os="macosx"
         ws="cocoa"
         arch="aarch64"
         version="1.2.1100.v20240722-2106"/>

   <plugin
         id="org.eclipse.equinox.launcher.gtk.linux.ppc64le"
         os="linux"
         ws="gtk"
         arch="ppc64le"
         version="1.2.1100.v20240722-2106"/>

   <plugin
         id="org.eclipse.equinox.launcher.gtk.linux.aarch64"
         os="linux"
         ws="gtk"
         arch="aarch64"
         version="1.2.1100.v20240722-2106"/>

   <plugin
         id="org.eclipse.equinox.launcher.gtk.linux.x86_64"
         os="linux"
         ws="gtk"
         arch="x86_64"
         version="1.2.1100.v20240722-2106"/>

   <plugin
         id="org.eclipse.equinox.launcher.win32.win32.aarch64"
         os="win32"
         ws="win32"
         arch="aarch64"
         version="1.2.1100.v20240722-2106"/>

   <plugin
         id="org.eclipse.equinox.launcher.win32.win32.x86_64"
         os="win32"
         ws="win32"
         arch="x86_64"
         version="1.2.1100.v20240722-2106"/>

   <plugin
         id="org.eclipse.swt"
         version="3.127.0.v20240903-0618"/>

   <plugin
         id="org.eclipse.swt.win32.win32.aarch64"
         os="win32"
         ws="win32"
         arch="aarch64"
         version="3.127.0.v20240903-0618"/>

   <plugin
         id="org.eclipse.swt.win32.win32.x86_64"
         os="win32"
         ws="win32"
         arch="x86_64"
         version="3.127.0.v20240903-0618"/>

   <plugin
         id="org.eclipse.swt.gtk.linux.ppc64le"
         os="linux"
         ws="gtk"
         arch="ppc64le"
         version="3.127.0.v20240903-0618"/>

   <plugin
         id="org.eclipse.swt.gtk.linux.aarch64"
         os="linux"
         ws="gtk"
         arch="aarch64"
         version="3.127.0.v20240903-0618"/>

   <plugin
         id="org.eclipse.swt.gtk.linux.x86_64"
         os="linux"
         ws="gtk"
         arch="x86_64"
         version="3.127.0.v20240903-0618"/>

   <plugin
         id="org.eclipse.swt.cocoa.macosx.x86_64"
         os="macosx"
         ws="cocoa"
         arch="x86_64"
         version="3.127.0.v20240903-0618"/>

   <plugin
         id="org.eclipse.swt.cocoa.macosx.aarch64"
         os="macosx"
         ws="cocoa"
         arch="aarch64"
         version="3.127.0.v20240903-0618"/>

   <plugin
         id="org.eclipse.jface"
         version="3.35.0.v20240820-2045"/>

   <plugin
         id="org.eclipse.jface.databinding"
         version="1.15.300.v20240424-0444"/>

   <plugin
         id="org.eclipse.e4.ui.workbench3"
         version="0.17.400.v20240321-1245"/>

   <plugin
         id="org.apache.felix.gogo.command"
         version="1.1.2"/>

   <plugin
         id="org.apache.felix.gogo.runtime"
         version="1.1.6"/>

   <plugin
         id="org.apache.felix.gogo.shell"
         version="1.1.4"/>

   <plugin
         id="org.eclipse.equinox.console"
         version="1.4.800.v20240513-1104"/>

   <plugin
         id="org.eclipse.e4.ui.workbench.addons.swt"
         version="1.5.500.v20240620-1945"/>

   <plugin
         id="org.eclipse.equinox.bidi"
         version="1.5.100.v20240321-1445"/>

   <plugin
         id="org.eclipse.e4.ui.dialogs"
         version="1.5.0.v20240424-0957"/>

   <plugin
         id="org.eclipse.e4.ui.dialogs"
         version="1.5.0.v20240424-0957"/>

   <plugin
         id="org.eclipse.e4.emf.xpath"
         version="0.4.300.v20240321-1245"/>

   <plugin
         id="org.eclipse.e4.core.di.annotations"
         version="1.8.400.v20240413-1529"/>

   <plugin
         id="org.eclipse.e4.ui.swt.gtk"
         ws="gtk"
         version="1.2.200.v20240416-0658"/>

   <plugin
         id="org.eclipse.e4.ui.swt.win32"
         ws="win32"
         version="1.2.300.v20240416-0658"/>

   <plugin
         id="org.eclipse.e4.core.di.extensions.supplier"
         version="0.17.500.v20240419-1233"/>

   <plugin
         id="org.eclipse.urischeme"
         version="1.3.400.v20240606-1412"/>

   <plugin
         id="org.eclipse.jface.notifications"
         version="0.7.300.v20240707-1119"/>

   <plugin
         id="org.osgi.util.function"
         version="1.2.0.202109301733"/>

   <plugin
         id="org.osgi.util.promise"
         version="1.3.0.202212101352"/>

   <plugin
         id="org.osgi.util.measurement"
         version="1.0.2.201802012109"/>

   <plugin
         id="org.osgi.util.position"
         version="1.0.1.201505202026"/>

   <plugin
         id="org.osgi.util.xml"
         version="1.0.2.202109301733"/>

   <plugin
         id="org.osgi.service.cm"
         version="1.6.1.202109301733"/>

   <plugin
         id="org.osgi.service.component"
         version="1.5.1.202212101352"/>

   <plugin
         id="org.osgi.service.device"
         version="1.1.1.202109301733"/>

   <plugin
         id="org.osgi.service.event"
         version="1.4.1.202109301733"/>

   <plugin
         id="org.osgi.service.metatype"
         version="1.4.1.202109301733"/>

   <plugin
         id="org.osgi.service.provisioning"
         version="1.2.0.201505202024"/>

   <plugin
         id="org.osgi.service.upnp"
         version="1.2.1.202109301733"/>

   <plugin
         id="org.osgi.service.useradmin"
         version="1.1.1.202109301733"/>

   <plugin
         id="org.osgi.service.wireadmin"
         version="1.0.2.202109301733"/>

</feature>
