<?xml version="1.0" encoding="UTF-8"?>
<feature
      id="org.eclipse.jgit.lfs"
      label="%featureName"
      version="7.0.0.202409031743-r"
      provider-name="%providerName">

   <description url="http://www.eclipse.org/jgit/">
      %description
   </description>

   <copyright>
      %copyright
   </copyright>

   <license url="%licenseURL">
      %license
   </license>

   <url>
      <update label="%updateSiteName" url="https://download.eclipse.org/egit/updates"/>
      <discovery label="%updateSiteName" url="https://download.eclipse.org/egit/updates"/>
   </url>

   <requires>
      <import feature="org.eclipse.jgit" version="7.0.0" match="equivalent"/>
   </requires>

   <plugin
         id="org.eclipse.jgit.lfs"
         download-size="79"
         install-size="143"
         version="7.0.0.202409031743-r"
         unpack="false"/>

   <plugin
         id="org.eclipse.jgit.lfs.server"
         download-size="51"
         install-size="92"
         version="7.0.0.202409031743-r"
         unpack="false"/>

</feature>
